[{"id":1,"image":"/images/ordinateur-portable-dell-latitude-5420-n036l542014emea-ubu.jpg","name":"Dell Latitude 5420","price":1100,"desc":" Intel® Core™ I5-1145G7 Vpro\r\nRAM: 8GB, 1x8GB, DDR4 Non-ECC\r\nDisque dur: 512 GB - SSD M.2 PCIe NVMe Class 35\r\nÉcran: 14\" FHD (1920x1080) Non-Touch, Anti-Glare, IPS, 250nits\r\nCarte graphique: Intel Iris Xe Graphics\r\nUbuntu Linux 20.04\r\nClavier: Français (AZERTY)"},{"id":2,"image":"/images/DellG5-15-5500__1_.jfif","name":"Dell G5 15 5500","price":1000,"desc":" I7 10TH\r\n512 SSd M.2\r\nGTX 1660TI\r\nUSB TYPE C"},{"id":3,"image":"/images/Dell-G5-15.webp","name":"Dell G5 15 I7 10TH","price":800,"desc":" I5 10TH \r\nRTX 2060\r\n256 SSD M.2\r\n8GB RAM DDR4\r\n"},{"id":4,"image":"/images/71nP6lTogjL._AC_SL1500_.jpg","name":"Dell Inspiron 15 3000","price":400,"desc":"I5 8TH \r\n256 SSD\r\nINTEL IRIS\r\n8GB RAM DDR4\r\n"}]